file_id,activity_id,sport,start_time,total_duration_seconds,total_distance_meters,total_calories,max_speed_ms,notes,file_path
_IQk5Vy3Vl53,"
      2023-11-25T14:33:22.545Z
",Running,NA,900.008,2520.642158028202,146,3.171367088330582,NA,/cloud/project/running_data//_IQk5Vy3Vl53.xml
_OZHMzxO7J6P,"
      2023-10-22T14:44:23.173Z
",undefined,NA,278.307,0,0,0,NA,/cloud/project/running_data//_OZHMzxO7J6P.xml
-6_YwFBepYPW,"
      2024-11-08T11:08:59.345Z
",Running,NA,1500.972,3539.416180137441,198,2.5967209107620537,NA,/cloud/project/running_data//-6_YwFBepYPW.xml
-Wxqp5c1YDTz,"
      2024-12-08T15:20:38.038Z
",Running,NA,1500.043,3513.387700009976,193,2.5773448526004348,NA,/cloud/project/running_data//-Wxqp5c1YDTz.xml
025clkEq69rA,"
      2025-06-27T11:55:06.949Z
",Running,NA,1883.719,4126.632507279982,219,3.806478482584747,NA,/cloud/project/running_data//025clkEq69rA.xml
0rtK8trjqrK8,"
      2023-05-29T15:51:42.260Z
",Running,NA,649.591,1615.9302455151922,90,2.7729786500338784,NA,/cloud/project/running_data//0rtK8trjqrK8.xml
18KBXn_TmLyh,"
      2024-01-06T18:23:46.547Z
",Running,NA,2071.599,5005.419826523397,290,3.297247013736207,NA,/cloud/project/running_data//18KBXn_TmLyh.xml
1lihfMXRhMcw,"
      2025-03-17T20:12:42.242Z
",Running,NA,180.002,413.3784353917,22,2.619187873304935,NA,/cloud/project/running_data//1lihfMXRhMcw.xml
1OnD74i9MkM0,"
      2023-09-29T12:02:59.629Z
",Running,NA,288.075,846.1212424777917,48,4.721196920123941,NA,/cloud/project/running_data//1OnD74i9MkM0.xml
1xYSaMLTSAXT,"
      2022-11-03T23:51:58.739Z
",Running,NA,1328.964,3603.2520443804183,205,2.8607790317503676,NA,/cloud/project/running_data//1xYSaMLTSAXT.xml
2RcjeNJzBdSH,"
      2025-02-08T14:28:24.313Z
",Running,NA,198.975,358.6280731650768,18,2.385059699957742,NA,/cloud/project/running_data//2RcjeNJzBdSH.xml
2yOICkxiamXO,"
      2023-05-10T14:03:00.943Z
",Running,NA,900.008,2188.738945116522,129,3.987658150673833,NA,/cloud/project/running_data//2yOICkxiamXO.xml
3FaQUZj3JWPb,"
      2024-11-10T15:11:18.707Z
",Running,NA,900.996,2127.8217712762403,126,2.589167693980304,NA,/cloud/project/running_data//3FaQUZj3JWPb.xml
3mjTJlTAGe1L,"
      2024-11-03T15:18:44.902Z
",Running,NA,41.857,69.60849926446099,3,2.4807525860543858,NA,/cloud/project/running_data//3mjTJlTAGe1L.xml
4_Vh7-UA11KK,"
      2025-03-26T11:46:46.806Z
",Running,NA,2078.511,5014.2582844916105,277,3.2153344226063076,NA,/cloud/project/running_data//4_Vh7-UA11KK.xml
4azVg8YAprd2,"
      2024-07-29T11:22:18.942Z
",Running,NA,1500.974,3585.1111935281965,198,2.768476693675356,NA,/cloud/project/running_data//4azVg8YAprd2.xml
4Lbo7brg79i9,"
      2024-09-26T11:04:29.039Z
",Running,NA,809.863,1888.30733128048,160,2.942254879709255,NA,/cloud/project/running_data//4Lbo7brg79i9.xml
5at2W0LIsh2y,"
      2025-02-17T14:56:21.809Z
",Running,NA,555.987,1120.537210721058,58,2.259525958699548,NA,/cloud/project/running_data//5at2W0LIsh2y.xml
6eVZaUIl10oM,"
      2023-09-10T13:12:28.460Z
",Running,NA,300.703,766.1071194126268,44,3.0260494654838697,NA,/cloud/project/running_data//6eVZaUIl10oM.xml
6pIKVb5G_h-A,"
      2023-05-22T19:56:29.285Z
",Running,NA,720.007,1677.910631073173,92,2.53373953982775,NA,/cloud/project/running_data//6pIKVb5G_h-A.xml
6uU6yFlaDQoU,"
      2023-11-12T15:51:26.248Z
",undefined,NA,414.705,0,0,0,NA,/cloud/project/running_data//6uU6yFlaDQoU.xml
720g2fIQ-mgU,"
      2025-07-05T23:52:40.125Z
",Running,NA,1279.417,3128.3339883682806,175,2.931432969065235,NA,/cloud/project/running_data//720g2fIQ-mgU.xml
7t_LzI_WVbvL,"
      2022-11-05T01:17:16.553Z
",Running,NA,1205.978,3271.533301893506,187,2.922922055137757,NA,/cloud/project/running_data//7t_LzI_WVbvL.xml
8-CkJSa6zKT-,"
      2023-10-25T16:04:28.079Z
",Running,NA,1560.009,4490.524760142902,265,4.066370971778575,NA,/cloud/project/running_data//8-CkJSa6zKT-.xml
8isrUImUscAZ,"
      2023-05-26T22:45:35.570Z
",Running,NA,420.95,931.56720362464,50,2.3852706035957936,NA,/cloud/project/running_data//8isrUImUscAZ.xml
8usVUUaWixeo,"
      2023-12-09T15:06:20.568Z
",Running,NA,900.002,2508.5279664818618,144,3.0285508958788845,NA,/cloud/project/running_data//8usVUUaWixeo.xml
95fVCwM3mbwS,"
      2025-07-08T12:40:52.341Z
",Running,NA,1500.481,3638.287837556566,202,3.658201702982791,NA,/cloud/project/running_data//95fVCwM3mbwS.xml
9hFSkT2SQESI,"
      2025-01-03T20:27:26.526Z
",Running,NA,645.33,1401.074585983704,76,2.6903008556102668,NA,/cloud/project/running_data//9hFSkT2SQESI.xml
9kGUW_OIJBev,"
      2023-05-15T13:12:42.594Z
",Running,NA,600.012,1249.5823403147515,65,2.978320989532252,NA,/cloud/project/running_data//9kGUW_OIJBev.xml
9y1mDtUC0C57,"
      2023-10-15T14:28:42.635Z
",Running,NA,2100.992,5577.739378534955,315,3.790704624137977,NA,/cloud/project/running_data//9y1mDtUC0C57.xml
9ygdLMIvDCGF,"
      2023-10-22T15:17:21.996Z
",Running,NA,623.148,1724.3382401901763,98,3.399542673183969,NA,/cloud/project/running_data//9ygdLMIvDCGF.xml
A4dukz7METu-,"
      2025-03-22T15:58:12.879Z
",Running,NA,360.969,851.3660212096295,46,2.7504471354757065,NA,/cloud/project/running_data//A4dukz7METu-.xml
ahX1xnuju0ME,"
      2023-10-09T12:02:10.813Z
",Running,NA,1882.602,5003.4994650629815,282,3.276394933721628,NA,/cloud/project/running_data//ahX1xnuju0ME.xml
aIKVC3qq6xdv,"
      2023-11-06T12:01:40.339Z
",Running,NA,2308.757,5931.945728209565,334,3.2889402595420743,NA,/cloud/project/running_data//aIKVC3qq6xdv.xml
AoZU82sCJhc8,"
      2023-09-12T10:44:47.008Z
",Running,NA,1328.011,3196.103358333467,175,2.8567481112761093,NA,/cloud/project/running_data//AoZU82sCJhc8.xml
AZI76kBBdPzy,"
      2023-09-16T16:05:12.996Z
",undefined,NA,381.056,0,0,0,NA,/cloud/project/running_data//AZI76kBBdPzy.xml
B2wAMt7UKKMu,"
      2023-10-13T16:03:46.446Z
",Running,NA,840.738,2581.2415367469644,155,3.774746507559273,NA,/cloud/project/running_data//B2wAMt7UKKMu.xml
bf7C6j62yWd7,"
      2025-06-10T17:30:21.940Z
",Running,NA,1929.914,4496.701072241408,247,2.839896868557715,NA,/cloud/project/running_data//bf7C6j62yWd7.xml
BGCSwHxEDdnd,"
      2023-09-20T10:47:02.785Z
",Running,NA,900.016,2467.444857367547,148,4.574399816035148,NA,/cloud/project/running_data//BGCSwHxEDdnd.xml
BKTFC1GgegGs,"
      2024-07-31T10:48:53.593Z
",Running,NA,1839.504,5007.945289489752,284,3.998186341918679,NA,/cloud/project/running_data//BKTFC1GgegGs.xml
bst2ymjNh1ty,"
      2024-10-18T15:30:52.748Z
",Running,NA,2100.941,5328.235560800711,302,2.8160310055611473,NA,/cloud/project/running_data//bst2ymjNh1ty.xml
BTbLG9fNizOj,"
      2023-05-26T23:25:41.302Z
",Running,NA,113.744,328.6530134435743,18,3.1472461013021227,NA,/cloud/project/running_data//BTbLG9fNizOj.xml
BUByCnJoZrPO,"
      2025-01-10T12:30:20.846Z
",Running,NA,1500.04,3486.4028392967275,187,2.5747530421034837,NA,/cloud/project/running_data//BUByCnJoZrPO.xml
buOVofqwL4fZ,"
      2025-03-13T19:24:08.975Z
",Running,NA,1260.985,3236.7987106131627,182,6.956815633734531,NA,/cloud/project/running_data//buOVofqwL4fZ.xml
BXOOxWmN3dIj,"
      2025-07-03T23:06:06.099Z
",Running,NA,1726.795,4005.8633748383727,219,2.86678247561827,NA,/cloud/project/running_data//BXOOxWmN3dIj.xml
cdWFbb7AcXzx,"
      2023-10-26T10:42:56.800Z
",Running,NA,1800.425,4828.976339427288,274,3.193701653490134,NA,/cloud/project/running_data//cdWFbb7AcXzx.xml
cFyxU8n-On1N,"
      2023-11-12T16:08:04.386Z
",Running,NA,3739.654,10006.256318832282,566,3.177661194880919,NA,/cloud/project/running_data//cFyxU8n-On1N.xml
D5bc2F5kiDew,"
      2023-05-24T22:09:22.526Z
",Running,NA,810.008,2066.0226181581393,122,3.9818140185803808,NA,/cloud/project/running_data//D5bc2F5kiDew.xml
D5UeJWBHS860,"
      2023-12-01T17:26:40.642Z
",Running,NA,361.233,1045.9807547752284,59,4.188095495855923,NA,/cloud/project/running_data//D5UeJWBHS860.xml
DcR459L-nsmZ,"
      2023-10-31T10:51:08.411Z
",Running,NA,900.006,2436.959814941976,138,2.889137753856039,NA,/cloud/project/running_data//DcR459L-nsmZ.xml
dlYGPsS5mJAX,"
      2024-11-09T17:29:41.024Z
",Running,NA,2185.398,5471.8531706001995,306,2.973451712727754,NA,/cloud/project/running_data//dlYGPsS5mJAX.xml
DtqbYyTXENEy,"
      2025-07-13T14:05:17.682Z
",Running,NA,2696.997,6315.761533443344,347,3.3883949216088065,NA,/cloud/project/running_data//DtqbYyTXENEy.xml
DxjlvjeGLgAC,"
      2023-11-06T12:11:42.396Z
",Running,NA,24.896,56.87392816343345,3,2.805028584822431,NA,/cloud/project/running_data//DxjlvjeGLgAC.xml
E1vB7WtGNHPX,"
      2025-07-07T00:06:25.566Z
",Running,NA,1416.681,3423.636302507947,191,3.1990862281839876,NA,/cloud/project/running_data//E1vB7WtGNHPX.xml
eGjyOdxqwWcP,"
      2022-11-09T00:05:49.600Z
",Running,NA,1328.007,3618.633868996281,207,2.9996653450219632,NA,/cloud/project/running_data//eGjyOdxqwWcP.xml
EJMx5UItwJyc,"
      2025-02-16T13:45:40.869Z
",Running,NA,1345.345,3004.264977956185,167,2.454593832156312,NA,/cloud/project/running_data//EJMx5UItwJyc.xml
ElcoTjiN2I6N,"
      2024-09-13T13:49:57.871Z
",Running,NA,900.985,2222.510030602103,126,2.779352115750601,NA,/cloud/project/running_data//ElcoTjiN2I6N.xml
eLGHw5DIbG-U,"
      2024-07-26T11:25:08.781Z
",Running,NA,900.984,2222.732325620104,135,3.2992907684693362,NA,/cloud/project/running_data//eLGHw5DIbG-U.xml
ElUeS6TEKdx1,"
      2023-12-30T14:28:49.088Z
",Running,NA,2100.003,5696.241941796851,323,3.283026937483235,NA,/cloud/project/running_data//ElUeS6TEKdx1.xml
EN20pTh-BlDi,"
      2023-11-12T17:26:44.361Z
",undefined,NA,792.87,0,0,0,NA,/cloud/project/running_data//EN20pTh-BlDi.xml
Eqz3HKam_bTR,"
      2025-03-17T20:22:00.576Z
",Running,NA,2097.037,4753.13034974329,258,2.604766369039744,NA,/cloud/project/running_data//Eqz3HKam_bTR.xml
exwoeIdwnAQH,"
      2025-02-02T15:12:56.181Z
",Running,NA,2248.568,5007.217171447239,267,2.727583737812951,NA,/cloud/project/running_data//exwoeIdwnAQH.xml
FD_b1Avr6OnH,"
      2025-01-31T10:51:34.016Z
",Running,NA,1560.029,3455.3773756355495,193,2.5745548120378228,NA,/cloud/project/running_data//FD_b1Avr6OnH.xml
fDo8pZKOd7sf,"
      2023-05-19T12:37:52.565Z
",Running,NA,2521.728,5444.733984119608,288,2.8034842217651463,NA,/cloud/project/running_data//fDo8pZKOd7sf.xml
fEMKZoGFOClk,"
      2023-11-10T12:47:37.380Z
",undefined,NA,764.251,0,0,0,NA,/cloud/project/running_data//fEMKZoGFOClk.xml
fLHYZvzMSoMY,"
      2024-01-02T21:52:05.844Z
",Running,NA,208.351,383.442458188394,20,2.389052675090641,NA,/cloud/project/running_data//fLHYZvzMSoMY.xml
fpjz1M691Fbn,"
      2025-02-24T15:32:30.355Z
",Running,NA,600.398,1283.1980476988244,79,2.573265036295049,NA,/cloud/project/running_data//fpjz1M691Fbn.xml
frwvzqDXKR5y,"
      2023-05-12T13:04:21.190Z
",Running,NA,300.163,819.2276834645311,46,3.9991087500298272,NA,/cloud/project/running_data//frwvzqDXKR5y.xml
GBU2wukjVtwJ,"
      2024-11-04T10:41:39.147Z
",Running,NA,1677.999,4004.003190573711,215,2.808128315975784,NA,/cloud/project/running_data//GBU2wukjVtwJ.xml
gMtIbetRJpyz,"
      2025-07-01T13:40:54.140Z
",Running,NA,1285.674,2808.7997846353123,149,2.820825866119115,NA,/cloud/project/running_data//gMtIbetRJpyz.xml
GW2IgbrVSSE7,"
      2023-07-17T23:28:55.952Z
",Running,NA,750.006,1936.991776201408,113,4.004710301059207,NA,/cloud/project/running_data//GW2IgbrVSSE7.xml
gXcXAuKEbeom,"
      2025-01-01T22:26:27.321Z
",Running,NA,1500.832,3228.138773853421,182,2.556433981731396,NA,/cloud/project/running_data//gXcXAuKEbeom.xml
h9C-31Ng0Hlf,"
      2023-04-27T13:02:45.469Z
",Running,NA,1205.632,2271.02186391514,114,3.3233885317919443,NA,/cloud/project/running_data//h9C-31Ng0Hlf.xml
h9GPmMHsfBUr,"
      2023-05-03T12:46:02.880Z
",Running,NA,810.908,2030.8408893641313,120,4.06397381414771,NA,/cloud/project/running_data//h9GPmMHsfBUr.xml
hDqgcPr_VrUQ,"
      2023-11-29T12:23:46.422Z
",Running,NA,974.991,3215.0055143320906,195,4.618019715386379,NA,/cloud/project/running_data//hDqgcPr_VrUQ.xml
hIk7rZgqwCtc,"
      2024-10-16T21:44:48.223Z
",Running,NA,1500.286,3821.5508212453014,214,3.924449199163488,NA,/cloud/project/running_data//hIk7rZgqwCtc.xml
hUKq13LeMg8d,"
      2023-09-14T11:24:41.257Z
",Running,NA,420.006,1072.5189403952106,60,2.790035403585746,NA,/cloud/project/running_data//hUKq13LeMg8d.xml
hvV-NjbqCwkk,"
      2023-12-10T14:47:14.561Z
",undefined,NA,849.671,0,0,0,NA,/cloud/project/running_data//hvV-NjbqCwkk.xml
I8sruDMob3KU,"
      2025-07-15T21:33:29.766Z
",Running,NA,900.611,2185.375239936404,124,2.6169550476622963,NA,/cloud/project/running_data//I8sruDMob3KU.xml
iemF3uuVEjDt,"
      2025-02-15T13:55:19.309Z
",Running,NA,1800.835,3761.070931747787,212,2.4462111477159745,NA,/cloud/project/running_data//iemF3uuVEjDt.xml
IuoYBt1QSZcF,"
      2025-06-26T11:53:23.567Z
",Running,NA,1340.848,3060.2926115491414,165,2.842871933132686,NA,/cloud/project/running_data//IuoYBt1QSZcF.xml
iVzgyodPida3,"
      2024-05-03T12:45:58.581Z
",Running,NA,2100.591,5439.3217568700165,306,3.375689278165519,NA,/cloud/project/running_data//iVzgyodPida3.xml
iW3scmrbM1tY,"
      2025-06-07T16:33:28.794Z
",Running,NA,1800.966,3533.4388379280044,181,2.124436200953361,NA,/cloud/project/running_data//iW3scmrbM1tY.xml
iyHTksud6vkY,"
      2024-07-21T11:47:58.732Z
",Running,NA,1574.625,4004.958263109338,225,3.288541486600845,NA,/cloud/project/running_data//iyHTksud6vkY.xml
J1gmOPkr7YX9,"
      2025-01-22T11:05:33.972Z
",Running,NA,360585.403,24027.636350736026,2265,1.4079816338964168,NA,/cloud/project/running_data//J1gmOPkr7YX9.xml
JxS9hCAnEn-U,"
      2023-10-07T11:56:44.167Z
",Running,NA,1560.019,4037.842688114847,228,4.319172088960522,NA,/cloud/project/running_data//JxS9hCAnEn-U.xml
k93RgcRCdJ_J,"
      2024-09-03T11:40:04.640Z
",Running,NA,2106.473,5373.859883913645,302,3.345539301636978,NA,/cloud/project/running_data//k93RgcRCdJ_J.xml
KBrdOPjxZFFY,"
      2024-07-24T10:20:16.865Z
",Running,NA,1001.569,2613.261293651799,148,4.811630537620826,NA,/cloud/project/running_data//KBrdOPjxZFFY.xml
KG1SJDqssa7K,"
      2025-05-20T12:13:20.292Z
",Running,NA,2087.876,5151.883756987283,287,3.6048024449617615,NA,/cloud/project/running_data//KG1SJDqssa7K.xml
kkiMzwK3sp2z,"
      2024-01-23T11:55:54.536Z
",Running,NA,1205.022,3403.7740725562853,195,3.114619027397721,NA,/cloud/project/running_data//kkiMzwK3sp2z.xml
KPPwIUEBIab1,"
      2025-04-04T14:10:23.006Z
",Running,NA,2055.428,4867.952187592399,274,2.7867982045640116,NA,/cloud/project/running_data//KPPwIUEBIab1.xml
kq1TMISsPIPh,"
      2025-01-27T10:57:48.553Z
",Running,NA,1500.027,3385.55899891117,186,2.461609793457766,NA,/cloud/project/running_data//kq1TMISsPIPh.xml
L7AGC6px4AIr,"
      2023-06-02T22:08:58.481Z
",Running,NA,600.623,1447.0862405374646,81,2.9114569941147947,NA,/cloud/project/running_data//L7AGC6px4AIr.xml
LIHYsUZT_A0j,"
      2023-12-14T01:48:34.656Z
",undefined,NA,709.41,0,0,0,NA,/cloud/project/running_data//LIHYsUZT_A0j.xml
LKLG4aFi9QnV,"
      2025-01-26T15:17:08.779Z
",Running,NA,555.337,1252.033801497891,71,2.530593812163215,NA,/cloud/project/running_data//LKLG4aFi9QnV.xml
LLCCANLZgfpF,"
      2024-07-12T12:11:05.224Z
",Running,NA,1125.626,3008.7443045405394,170,3.4527073534510855,NA,/cloud/project/running_data//LLCCANLZgfpF.xml
lN6HhohXJOW1,"
      2024-07-23T09:37:21.846Z
",Running,NA,840.626,2056.6946028854286,115,2.6098661742711124,NA,/cloud/project/running_data//lN6HhohXJOW1.xml
LQSXU11qFV9F,"
      2024-09-28T13:56:38.337Z
",Running,NA,1500.053,3689.994234635222,210,2.6785314031503735,NA,/cloud/project/running_data//LQSXU11qFV9F.xml
MhNWDl6Aqu9y,"
      2025-07-03T23:38:14.967Z
",Running,NA,289.901,783.5355618397007,44,3.6723897607831546,NA,/cloud/project/running_data//MhNWDl6Aqu9y.xml
Mlyz1KU6kgQ4,"
      2023-09-18T10:32:00.620Z
",Running,NA,600.005,1609.903616132447,91,4.0994351336001955,NA,/cloud/project/running_data//Mlyz1KU6kgQ4.xml
nGFZ60OMUgrf,"
      2025-07-01T13:25:57.016Z
",Running,NA,622.939,1566.658322992152,88,3.0288518111997704,NA,/cloud/project/running_data//nGFZ60OMUgrf.xml
NHEJXCV50MRy,"
      2023-09-14T11:36:49.060Z
",Running,NA,843.604,2240.7136430447,133,3.876250073946683,NA,/cloud/project/running_data//NHEJXCV50MRy.xml
NKzquOLA0ilE,"
      2024-11-01T10:42:33.353Z
",Running,NA,555.991,1369.8408277693654,77,2.672815601538052,NA,/cloud/project/running_data//NKzquOLA0ilE.xml
nPzDcfuo0wEf,"
      2023-05-08T13:41:08.297Z
",Running,NA,420.007,979.7460793596692,53,2.4714682251414097,NA,/cloud/project/running_data//nPzDcfuo0wEf.xml
ob7GgeEOnzpy,"
      2024-09-30T10:01:41.709Z
",Running,NA,53.052,112.7003665247612,5,2.6565652523791337,NA,/cloud/project/running_data//ob7GgeEOnzpy.xml
oDHNTuHWCBNj,"
      2024-11-05T10:38:48.626Z
",Running,NA,840.028,2045.8903705710536,110,2.6063570295864436,NA,/cloud/project/running_data//oDHNTuHWCBNj.xml
OhHhuVKJRBHE,"
      2023-04-29T12:26:17.198Z
",Running,NA,1328.015,2683.0077872748934,138,2.5523004721248657,NA,/cloud/project/running_data//OhHhuVKJRBHE.xml
OjIJlYopJAGN,"
      2023-09-26T10:26:34.738Z
",Running,NA,2520.393,6099.233154454737,344,3.4823240629820984,NA,/cloud/project/running_data//OjIJlYopJAGN.xml
OKqZKmsCNTWS,"
      2023-09-22T11:30:13.475Z
",Running,NA,1500.031,3784.710540818049,211,3.514444293300035,NA,/cloud/project/running_data//OKqZKmsCNTWS.xml
Om8wrNhacCXK,"
      2025-07-11T12:48:53.297Z
",Running,NA,900.988,2564.373118620832,153,4.68823117648695,NA,/cloud/project/running_data//Om8wrNhacCXK.xml
oQ7qkumHX_B8,"
      2022-11-21T22:21:59.094Z
",Running,NA,1205.602,3247.0561072288483,199,2.9350133912526113,NA,/cloud/project/running_data//oQ7qkumHX_B8.xml
osJ4UNJsV4eJ,"
      2023-11-07T12:32:49.088Z
",Running,NA,944.452,2680.5071715468075,152,3.2956021414558867,NA,/cloud/project/running_data//osJ4UNJsV4eJ.xml
owlHwXILReH8,"
      2023-09-16T17:03:17.413Z
",undefined,NA,408.241,0,0,0,NA,/cloud/project/running_data//owlHwXILReH8.xml
pB9L4Xa-Al-s,"
      2023-12-01T16:52:35.673Z
",Running,NA,1680.036,4859.042761023389,281,3.487572752714452,NA,/cloud/project/running_data//pB9L4Xa-Al-s.xml
QdC9NnaVmNG9,"
      2025-04-08T19:14:35.615Z
",Running,NA,1839.409,4496.844789123052,249,4.54470447093819,NA,/cloud/project/running_data//QdC9NnaVmNG9.xml
QDE2mtelDGjF,"
      2023-09-24T12:09:56.813Z
",Running,NA,1020.003,2699.166258479934,153,5.294578278469519,NA,/cloud/project/running_data//QDE2mtelDGjF.xml
qjuWx763QYD9,"
      2025-01-20T23:33:37.953Z
",Running,NA,900.999,1998.2467900599563,109,2.344167428544121,NA,/cloud/project/running_data//qjuWx763QYD9.xml
qV6Bmc1AjmCE,"
      2023-02-15T15:17:12.228Z
",Running,NA,1205.004,3054.0397574914346,172,2.672846703125806,NA,/cloud/project/running_data//qV6Bmc1AjmCE.xml
qWuZN769P2h0,"
      2023-10-04T22:38:47.955Z
",Running,NA,810.005,2541.0442591689057,156,3.902642663867173,NA,/cloud/project/running_data//qWuZN769P2h0.xml
R_CZERu2nZ0i,"
      2023-10-22T14:51:39.086Z
",Running,NA,602.383,1762.23011764721,109,4.325784397164254,NA,/cloud/project/running_data//R_CZERu2nZ0i.xml
REQDlUKbBTkR,"
      2023-09-20T10:34:29.390Z
",Running,NA,600.008,1609.3577767456889,91,3.021985805247641,NA,/cloud/project/running_data//REQDlUKbBTkR.xml
RgsKu7qQR1Ju,"
      2024-07-19T10:10:37.023Z
",Running,NA,810.97,2560.2452206969456,155,5.2039666036901755,NA,/cloud/project/running_data//RgsKu7qQR1Ju.xml
rkJKWKG9aXLL,"
      2025-03-06T21:35:11.063Z
",Running,NA,1813.332,4261.9664417654285,233,3.0483730847357604,NA,/cloud/project/running_data//rkJKWKG9aXLL.xml
rKXv84homSYO,"
      2023-09-14T10:56:21.330Z
",undefined,NA,380.914,0,0,0,NA,/cloud/project/running_data//rKXv84homSYO.xml
RMeaT3Ni6Lxm,"
      2023-12-10T15:15:36.366Z
",Running,NA,2700.989,7288.945988947527,413,3.532161390438239,NA,/cloud/project/running_data//RMeaT3Ni6Lxm.xml
rTg-RIgHCF05,"
      2024-11-02T13:16:16.733Z
",Running,NA,1200.028,2844.1169582564908,151,2.7054379172845264,NA,/cloud/project/running_data//rTg-RIgHCF05.xml
RwVMLByMPHiD,"
      2025-04-06T12:52:08.265Z
",Running,NA,411.37,1005.888126343722,56,2.708768165541815,NA,/cloud/project/running_data//RwVMLByMPHiD.xml
s-IXbz8K-649,"
      2024-08-04T13:39:23.459Z
",Running,NA,1500.978,3971.1428665292874,224,3.038643922254562,NA,/cloud/project/running_data//s-IXbz8K-649.xml
SEkYLMKzgCOQ,"
      2024-10-31T09:52:33.422Z
",Running,NA,1244.086,3006.2166620535413,169,2.779470917639262,NA,/cloud/project/running_data//SEkYLMKzgCOQ.xml
shg78A0gI01d,"
      2023-10-29T12:42:37.577Z
",Running,NA,3043.573,8052.471820195903,455,3.558961714368335,NA,/cloud/project/running_data//shg78A0gI01d.xml
t84BKwPt-zaX,"
      2023-10-06T11:27:07.511Z
",Running,NA,1500.013,3832.245929999511,215,3.6015406697236023,NA,/cloud/project/running_data//t84BKwPt-zaX.xml
tAVsgXwa12dn,"
      2023-05-05T12:16:24.498Z
",Running,NA,2100.013,4514.739133196184,239,3.3665409797280703,NA,/cloud/project/running_data//tAVsgXwa12dn.xml
tbaj-TmPDbfD,"
      2023-09-16T16:17:12.507Z
",Running,NA,2100.036,4971.47945432388,272,3.2240167919588254,NA,/cloud/project/running_data//tbaj-TmPDbfD.xml
TlzTPPIQauev,"
      2023-12-14T01:36:33.398Z
",undefined,NA,701.287,0,0,0,NA,/cloud/project/running_data//TlzTPPIQauev.xml
twqQxj342aCx,"
      2023-07-14T22:59:39.070Z
",Running,NA,900.015,2139.8837845500093,118,2.5386829994972575,NA,/cloud/project/running_data//twqQxj342aCx.xml
Tz_e30xf3NmU,"
      2023-01-30T14:58:23.980Z
",Running,NA,1205.631,2157.573964920594,114,3.612573929554315,NA,/cloud/project/running_data//Tz_e30xf3NmU.xml
u5w1nRUPPjE0,"
      2023-09-29T11:39:19.613Z
",Running,NA,720.979,2073.4597241464076,118,3.5609761085278837,NA,/cloud/project/running_data//u5w1nRUPPjE0.xml
Un4uj0raCJYd,"
      2025-03-13T19:14:56.954Z
",Running,NA,144.555,369.25746832194267,20,2.864176252226219,NA,/cloud/project/running_data//Un4uj0raCJYd.xml
upexovAuOJrV,"
      2024-09-25T22:18:52.285Z
",Running,NA,900.038,2065.7305137335215,115,2.6358422255859373,NA,/cloud/project/running_data//upexovAuOJrV.xml
uQiKsroojNJK,"
      2024-09-26T11:01:13.190Z
",Running,NA,38.817,43.001758533333486,8,1.364837614674696,NA,/cloud/project/running_data//uQiKsroojNJK.xml
uTp6HxtTfBIr,"
      2023-09-22T11:16:38.667Z
",undefined,NA,381.008,0,0,0,NA,/cloud/project/running_data//uTp6HxtTfBIr.xml
UVhh55LXso1u,"
      2023-06-02T22:33:03.306Z
",Running,NA,660.175,1585.911765097174,93,3.6218541596890863,NA,/cloud/project/running_data//UVhh55LXso1u.xml
uxlBefN2wrKY,"
      2025-05-01T12:16:47.941Z
",Running,NA,1145.573,3004.1372140599397,172,2.8193636300038194,NA,/cloud/project/running_data//uxlBefN2wrKY.xml
UzeahXIw4HTe,"
      2024-09-30T10:03:00.580Z
",Running,NA,1922.308,5006.880495634916,284,2.8963590769440972,NA,/cloud/project/running_data//UzeahXIw4HTe.xml
V15DGFUqvhoF,"
      2023-10-16T10:40:30.880Z
",Running,NA,2544.583,6444.6255794719345,361,3.3246156296554115,NA,/cloud/project/running_data//V15DGFUqvhoF.xml
V5ixOc5qOwZw,"
      2025-06-30T12:36:04.173Z
",Running,NA,810.945,1943.2015164187196,117,2.656527977903682,NA,/cloud/project/running_data//V5ixOc5qOwZw.xml
V9Y2iHdIVZ5t,"
      2023-05-17T12:42:30.151Z
",Running,NA,1021.471,2384.30577098462,132,3.7407116231890343,NA,/cloud/project/running_data//V9Y2iHdIVZ5t.xml
VevdfKC70pVY,"
      2023-10-03T10:49:18.021Z
",Running,NA,901.002,2342.099652821197,131,3.2745567060672016,NA,/cloud/project/running_data//VevdfKC70pVY.xml
Vg5Y5pRW3aCu,"
      2022-11-10T01:38:22.760Z
",Running,NA,809.992,2118.4567215651045,129,3.2080417038140054,NA,/cloud/project/running_data//Vg5Y5pRW3aCu.xml
vi5sq9AF0fRD,"
      2023-05-01T12:47:25.274Z
",Running,NA,300.007,690.8431745968993,37,2.9877335932501037,NA,/cloud/project/running_data//vi5sq9AF0fRD.xml
VujHUGEOWtlr,"
      2023-05-24T22:35:41.769Z
",Running,NA,300.009,741.888217901578,41,3.055656552869684,NA,/cloud/project/running_data//VujHUGEOWtlr.xml
w-R9yzTwA1mS,"
      2023-05-26T22:54:29.667Z
",Running,NA,900.021,2242.3693560888064,133,4.233580142043034,NA,/cloud/project/running_data//w-R9yzTwA1mS.xml
wAbDi_-bKl_i,"
      2024-10-21T21:42:19.703Z
",Running,NA,60.005,102.5232436826336,4,2.25192463630666,NA,/cloud/project/running_data//wAbDi_-bKl_i.xml
WM5L7vNtMBdo,"
      2023-11-26T15:37:43.650Z
",Running,NA,1800.214,4670.7397567641465,0,2.5945469576195648,NA,/cloud/project/running_data//WM5L7vNtMBdo.xml
wMCk3Q75MB1n,"
      2024-11-06T10:50:10.208Z
    ",Running,NA,1001.246,2268.606651074255,124,2.7483701085868626,NA,/cloud/project/running_data//wMCk3Q75MB1n.xml
WRvoBdLT08-V,"
      2024-01-02T22:00:18.555Z
    ",Running,NA,1800.046,4374.3090520717715,0,2.430109592794724,NA,/cloud/project/running_data//WRvoBdLT08-V.xml
xB3XsILb9iq4,"
      2023-10-11T10:52:43.970Z
    ",Running,NA,900.882,2379.6305116682797,134,3.5920477849434023,NA,/cloud/project/running_data//xB3XsILb9iq4.xml
xCObuqmeppja,"
      2024-07-16T10:02:22.508Z
    ",Running,NA,555.993,1391.4891787885133,78,2.9438246731736473,NA,/cloud/project/running_data//xCObuqmeppja.xml
xfPG0Ytwj4Sr,"
      2025-03-10T15:26:07.733Z
    ",Running,NA,2506.841,5924.455664741571,327,5.403082180187291,NA,/cloud/project/running_data//xfPG0Ytwj4Sr.xml
Xjq8iqRhVhAA,"
      2023-05-12T12:32:53.601Z
    ",Running,NA,1500.013,3236.2772042201855,172,2.8943161571903895,NA,/cloud/project/running_data//Xjq8iqRhVhAA.xml
xsfm3OU3ahcq,"
      2023-10-21T13:51:05.983Z
    ",Running,NA,900.004,2394.5390824344927,135,3.3894768544213454,NA,/cloud/project/running_data//xsfm3OU3ahcq.xml
xttUlqf-D8pD,"
      2024-07-31T10:48:22.840Z
    ",Running,NA,2005.824,5245.683106068643,285,3.577521161398925,NA,/cloud/project/running_data//xttUlqf-D8pD.xml
XVrFXA69w6Pg,"
      2025-02-19T17:14:50.858Z
    ",Running,NA,810.497,1814.538523412075,167,2.725972688169151,NA,/cloud/project/running_data//XVrFXA69w6Pg.xml
y88iLEyWf_vY,"
      2024-11-03T15:21:16.986Z
    ",Running,NA,809.994,2040.2468667602545,169,3.610280203970146,NA,/cloud/project/running_data//y88iLEyWf_vY.xml
yh1ymE0ljxJU,"
      2023-10-18T11:57:28.863Z
    ",Running,NA,1110.014,3497.3016994113586,211,4.1466553751911475,NA,/cloud/project/running_data//yh1ymE0ljxJU.xml
YLVX0MHQ0Hfq,"
      2025-04-02T17:48:17.573Z
    ",Running,NA,2127.257,5421.6749886696925,304,3.9482827299898666,NA,/cloud/project/running_data//YLVX0MHQ0Hfq.xml
YOMFKmQPQlXP,"
      2023-11-02T10:36:18.332Z
    ",Running,NA,1379.998,4412.283741485098,270,5.219409242401202,NA,/cloud/project/running_data//YOMFKmQPQlXP.xml
YOWUDG_mhezO,"
      2024-10-02T10:31:30.996Z
    ",Running,NA,1560.974,3982.32277246029,225,4.847465690968961,NA,/cloud/project/running_data//YOWUDG_mhezO.xml
Z0P9QoFGcOlr,"
      2023-09-10T13:22:05.371Z
    ",Running,NA,1205.015,2841.4157623436795,155,2.881930065745892,NA,/cloud/project/running_data//Z0P9QoFGcOlr.xml
Z1pDHM_B_4gR,"
      2024-07-18T12:35:22.598Z
    ",Running,NA,1399.416,3669.1550987072424,207,3.8715179723297193,NA,/cloud/project/running_data//Z1pDHM_B_4gR.xml
Z2UNBjKY6Irv,"
      2023-06-26T22:47:56.460Z
    ",Running,NA,720.014,1794.2261122427897,100,2.6741679931275857,NA,/cloud/project/running_data//Z2UNBjKY6Irv.xml
ZGVqmuRc2uPO,"
      2024-05-03T12:44:35.429Z
    ",Running,NA,21.368,23.57323167147115,1,1.1884102678058575,NA,/cloud/project/running_data//ZGVqmuRc2uPO.xml
zYgc4lG8Tzni,"
      2023-11-10T11:54:41.043Z
    ",Running,NA,1919.666,5315.640291403047,312,5.5948707538546145,NA,/cloud/project/running_data//zYgc4lG8Tzni.xml
zYRCmfm9Rv_p,"
      2023-12-19T11:47:25.185Z
    ",Running,NA,1800.996,4965.033659930109,282,3.744638977435168,NA,/cloud/project/running_data//zYRCmfm9Rv_p.xml
zzO4ESXIQr90,"
      2025-01-22T11:07:03.743Z
    ",Running,NA,810.991,1902.956096485026,111,3.0547499313306075,NA,/cloud/project/running_data//zzO4ESXIQr90.xml
